{
    "expansion": false,
    "google_play_key": null,
    "google_play_salt": null,
    "heap_size": "3",
    "icon_name": "\u4e1c\u5317\u96e8\u59d0\u548c\u8001\u84af\u7684\u7231\u60c5",
    "include_pil": false,
    "include_sqlite": false,
    "layout": null,
    "name": "\u4e1c\u5317\u96e8\u59d0\u548c\u8001\u84af\u7684\u7231\u60c5",
    "numeric_version": 1,
    "orientation": "sensorLandscape",
    "package": "com.db",
    "permissions": [
        "VIBRATE",
        "INTERNET"
    ],
    "source": false,
    "store": "none",
    "update_always": true,
    "update_icons": true,
    "update_keystores": true,
    "version": "1.0"
}